organismID,sex,week,lat,lon,t,lat_next,lon_next,t_next
https://happywhale.com/individual/11153,female,25,58.361078,-134.847757,2010-06-27 09:56:22,58.118905999999996,-134.402525,2011-12-05 15:48:53
https://happywhale.com/individual/11153,female,49,58.118905999999996,-134.402525,2011-12-05 15:48:53,58.372123,-134.832148,2013-07-16 11:20:52
https://happywhale.com/individual/11153,female,29,58.372123,-134.832148,2013-07-16 11:20:52,58.391985,-134.833483,2013-07-27 12:38:00
https://happywhale.com/individual/11153,female,30,58.391985,-134.833483,2013-07-27 12:38:00,58.3801,-134.865141,2013-08-07 10:58:04
https://happywhale.com/individual/11153,female,32,58.3801,-134.865141,2013-08-07 10:58:04,58.413008,-134.893464,2013-08-12 13:33:10
https://happywhale.com/individual/11153,female,33,58.413008,-134.893464,2013-08-12 13:33:10,58.3615205,-134.78999199999998,2013-08-26 15:22:25
https://happywhale.com/individual/11153,female,35,58.3615205,-134.78999199999998,2013-08-26 15:22:25,58.4003275,-134.8757155,2013-09-02 19:46:56
https://happywhale.com/individual/11153,female,36,58.4003275,-134.8757155,2013-09-02 19:46:56,58.428333,-134.8528,2013-09-13 13:10:01
https://happywhale.com/individual/11153,female,37,58.428333,-134.8528,2013-09-13 13:10:01,58.371025,-134.83543500000002,2014-07-04 15:07:42
https://happywhale.com/individual/11153,female,27,58.371025,-134.83543500000002,2014-07-04 15:07:42,58.367568,-134.801818,2017-08-03 10:46:12
https://happywhale.com/individual/11153,female,31,58.367568,-134.801818,2017-08-03 10:46:12,58.342245000000005,-134.737628,2018-05-27 13:15:42
https://happywhale.com/individual/11153,female,21,58.342245000000005,-134.737628,2018-05-27 13:15:42,58.397245,-134.822626,2018-06-04 21:46:58
https://happywhale.com/individual/11153,female,23,58.397245,-134.822626,2018-06-04 21:46:58,58.4212535,-134.8850405,2018-06-13 10:25:40
https://happywhale.com/individual/11153,female,24,58.4212535,-134.8850405,2018-06-13 10:25:40,58.3780295,-134.866565,2018-07-10 15:07:05
https://happywhale.com/individual/11153,female,28,58.3780295,-134.866565,2018-07-10 15:07:05,58.435370000000006,-134.8987775,2018-08-26 02:06:04
https://happywhale.com/individual/11153,female,34,58.435370000000006,-134.8987775,2018-08-26 02:06:04,58.3694975,-134.84478000000001,2019-05-06 15:55:42
https://happywhale.com/individual/11153,female,19,58.3694975,-134.84478000000001,2019-05-06 15:55:42,58.35903,-134.776154,2019-05-13 17:49:18
https://happywhale.com/individual/11153,female,20,58.35903,-134.776154,2019-05-13 17:49:18,58.35903,-134.776154,2019-05-27 16:16:25
https://happywhale.com/individual/11153,female,22,58.35903,-134.776154,2019-05-27 16:16:25,58.37396,-134.810261,2019-06-26 10:00:44
https://happywhale.com/individual/11153,female,26,58.37396,-134.810261,2019-06-26 10:00:44,58.413972,-134.8088915,2019-09-17 17:30:14
https://happywhale.com/individual/11153,female,38,58.413972,-134.8088915,2019-09-17 17:30:14,58.410584,-134.84146850000002,2019-09-23 15:25:24
https://happywhale.com/individual/11153,female,39,58.410584,-134.84146850000002,2019-09-23 15:25:24,20.776667,-156.663,2020-02-08 14:08:43
https://happywhale.com/individual/11153,female,6,20.776667,-156.663,2020-02-08 14:08:43,58.3796455,-134.873443,2020-10-06 16:10:11
https://happywhale.com/individual/11153,female,41,58.3796455,-134.873443,2020-10-06 16:10:11,58.368586,-134.8565625,2021-04-26 15:47:57
https://happywhale.com/individual/11153,female,17,58.368586,-134.8565625,2021-04-26 15:47:57,58.347683,-134.779362,2021-10-05 12:15:30
https://happywhale.com/individual/11153,female,40,58.347683,-134.779362,2021-10-05 12:15:30,58.204072,-134.523599,2021-10-21 14:51:42
https://happywhale.com/individual/11153,female,42,58.204072,-134.523599,2021-10-21 14:51:42,58.42391,-134.82137,2021-11-02 13:26:35
https://happywhale.com/individual/11153,female,44,58.42391,-134.82137,2021-11-02 13:26:35,20.87,-156.7,2021-12-31 17:53:08
https://happywhale.com/individual/11153,female,52,20.87,-156.7,2021-12-31 17:53:08,39.6358475,-145.7940385,2022-03-06 15:18:57
https://happywhale.com/individual/11153,female,9,39.6358475,-145.7940385,2022-03-06 15:18:57,58.506105,-134.936862,2022-04-15 13:00:52
https://happywhale.com/individual/11153,female,15,58.506105,-134.936862,2022-04-15 13:00:52,58.36952,-134.865753,2022-05-02 16:19:14
https://happywhale.com/individual/11153,female,18,58.36952,-134.865753,2022-05-02 16:19:14,58.388129,-134.89048,2023-04-07 16:24:08
https://happywhale.com/individual/11153,female,14,58.388129,-134.89048,2023-04-07 16:24:08,58.34,-134.72,2024-10-21 17:16:29
https://happywhale.com/individual/11153,female,43,58.34,-134.72,2024-10-21 17:16:29,20.904911,-156.728622,2025-02-20 15:06:26
https://happywhale.com/individual/125,male,19,36.794388999999995,-121.9294525,2015-05-10 13:35:07,36.8,-121.874147,2015-05-15 09:52:58
https://happywhale.com/individual/125,male,20,36.8,-121.874147,2015-05-15 09:52:58,36.7934035,-121.86576500000001,2015-05-18 12:29:25
https://happywhale.com/individual/125,male,21,36.7934035,-121.86576500000001,2015-05-18 12:29:25,36.794963,-121.866412,2015-06-01 15:05:49
https://happywhale.com/individual/125,male,23,36.794963,-121.866412,2015-06-01 15:05:49,36.7969875,-121.82178300000001,2015-06-19 10:26:57
https://happywhale.com/individual/125,male,25,36.7969875,-121.82178300000001,2015-06-19 10:26:57,36.80197,-121.877302,2015-06-23 11:58:50
https://happywhale.com/individual/125,male,26,36.80197,-121.877302,2015-06-23 11:58:50,36.805098,-121.838009,2015-06-30 15:28:35
https://happywhale.com/individual/125,male,27,36.805098,-121.838009,2015-06-30 15:28:35,36.8,-121.903103,2015-09-07 08:52:37
https://happywhale.com/individual/125,male,37,36.8,-121.903103,2015-09-07 08:52:37,36.795464499999994,-121.912206,2017-07-22 08:55:02
https://happywhale.com/individual/125,male,29,36.795464499999994,-121.912206,2017-07-22 08:55:02,36.7864875,-121.8245865,2017-07-24 13:42:08
https://happywhale.com/individual/125,male,30,36.7864875,-121.8245865,2017-07-24 13:42:08,36.8127,-121.89849,2017-07-31 12:34:24
https://happywhale.com/individual/125,male,31,36.8127,-121.89849,2017-07-31 12:34:24,36.785492500000004,-121.8614335,2017-08-07 11:03:27
https://happywhale.com/individual/125,male,32,36.785492500000004,-121.8614335,2017-08-07 11:03:27,36.79861,-121.875083,2017-08-16 09:20:41
https://happywhale.com/individual/125,male,33,36.79861,-121.875083,2017-08-16 09:20:41,36.796937,-121.85752,2017-08-31 10:28:44
https://happywhale.com/individual/125,male,35,36.796937,-121.85752,2017-08-31 10:28:44,36.789593499999995,-121.9097065,2017-10-02 12:38:46
https://happywhale.com/individual/125,male,40,36.789593499999995,-121.9097065,2017-10-02 12:38:46,36.8016475,-121.875834,2017-10-15 13:48:53
https://happywhale.com/individual/125,male,41,36.8016475,-121.875834,2017-10-15 13:48:53,36.7986585,-121.87752499999999,2017-10-24 11:03:11
https://happywhale.com/individual/125,male,43,36.7986585,-121.87752499999999,2017-10-24 11:03:11,36.799078,-121.817517,2018-03-25 12:12:33
https://happywhale.com/individual/125,male,12,36.799078,-121.817517,2018-03-25 12:12:33,36.770196,-121.8608635,2018-03-27 10:35:41
https://happywhale.com/individual/125,male,13,36.770196,-121.8608635,2018-03-27 10:35:41,36.6823385,-121.9005885,2018-04-04 10:58:34
https://happywhale.com/individual/125,male,14,36.6823385,-121.9005885,2018-04-04 10:58:34,36.7966055,-121.872883,2018-04-21 12:55:15
https://happywhale.com/individual/125,male,16,36.7966055,-121.872883,2018-04-21 12:55:15,36.806344,-121.8795485,2018-04-23 07:59:29
https://happywhale.com/individual/125,male,17,36.806344,-121.8795485,2018-04-23 07:59:29,36.780647,-121.85612549999999,2018-06-02 11:41:30
https://happywhale.com/individual/125,male,22,36.780647,-121.85612549999999,2018-06-02 11:41:30,36.701667,-121.946667,2018-07-13 10:38:37
https://happywhale.com/individual/125,male,28,36.701667,-121.946667,2018-07-13 10:38:37,36.697524,-121.855476,2018-11-09 11:47:39
https://happywhale.com/individual/125,male,45,36.697524,-121.855476,2018-11-09 11:47:39,36.814782,-122.137756,2018-11-13 14:07:34
https://happywhale.com/individual/125,male,46,36.814782,-122.137756,2018-11-13 14:07:34,22.9747365,-109.731607,2019-03-11 12:44:54
https://happywhale.com/individual/125,male,11,22.9747365,-109.731607,2019-03-11 12:44:54,36.807913,-121.835512,2020-05-02 12:03:07
https://happywhale.com/individual/125,male,18,36.807913,-121.835512,2020-05-02 12:03:07,36.742395,-121.90667,2020-08-21 15:07:24
https://happywhale.com/individual/125,male,34,36.742395,-121.90667,2020-08-21 15:07:24,36.804451,-121.952,2020-09-04 17:21:43
https://happywhale.com/individual/125,male,36,36.804451,-121.952,2020-09-04 17:21:43,36.81,-121.98281750000001,2020-09-23 13:03:21
https://happywhale.com/individual/125,male,39,36.81,-121.98281750000001,2020-09-23 13:03:21,36.713607,-121.891032,2020-10-12 15:46:12
https://happywhale.com/individual/125,male,42,36.713607,-121.891032,2020-10-12 15:46:12,36.763208,-121.915916,2021-11-01 11:30:20
https://happywhale.com/individual/125,male,44,36.763208,-121.915916,2021-11-01 11:30:20,36.659628,-121.890083,2022-04-17 10:07:36
https://happywhale.com/individual/125,male,15,36.659628,-121.890083,2022-04-17 10:07:36,19.07995,-104.393333,2023-02-26 17:21:50
https://happywhale.com/individual/125,male,8,19.07995,-104.393333,2023-02-26 17:21:50,15.708159,-96.065826,2024-01-01 12:05:25
https://happywhale.com/individual/125,male,1,15.708159,-96.065826,2024-01-01 12:05:25,36.7762735,-121.85459549999999,2024-09-18 09:29:59
https://happywhale.com/individual/13225,female,35,58.3983,-134.884816,2007-08-28 14:02:06,58.411407,-134.89079,2008-07-26 16:31:09
https://happywhale.com/individual/13225,female,30,58.411407,-134.89079,2008-07-26 16:31:09,58.411167,-134.853947,2008-08-01 09:45:36
https://happywhale.com/individual/13225,female,31,58.411167,-134.853947,2008-08-01 09:45:36,58.398396,-134.86623,2008-08-07 09:14:32
https://happywhale.com/individual/13225,female,32,58.398396,-134.86623,2008-08-07 09:14:32,58.37,-134.776154,2008-09-21 19:15:14
https://happywhale.com/individual/13225,female,38,58.37,-134.776154,2008-09-21 19:15:14,58.37,-134.67,2009-03-09 23:52:52
https://happywhale.com/individual/13225,female,11,58.37,-134.67,2009-03-09 23:52:52,58.35903,-134.874699,2009-05-12 18:58:05
https://happywhale.com/individual/13225,female,20,58.35903,-134.874699,2009-05-12 18:58:05,58.3912635,-134.872484,2010-06-10 10:00:34
https://happywhale.com/individual/13225,female,23,58.3912635,-134.872484,2010-06-10 10:00:34,58.375994,-134.853222,2010-06-27 15:50:17
https://happywhale.com/individual/13225,female,25,58.375994,-134.853222,2010-06-27 15:50:17,58.35903,-134.776154,2011-05-27 18:31:25
https://happywhale.com/individual/13225,female,21,58.35903,-134.776154,2011-05-27 18:31:25,58.3896,-134.876423,2012-07-02 04:55:32
https://happywhale.com/individual/13225,female,27,58.3896,-134.876423,2012-07-02 04:55:32,58.4503345,-134.914589,2012-07-14 08:40:29
https://happywhale.com/individual/13225,female,28,58.4503345,-134.914589,2012-07-14 08:40:29,58.40715,-134.887409,2012-07-16 16:53:47
https://happywhale.com/individual/13225,female,29,58.40715,-134.887409,2012-07-16 16:53:47,58.378047,-134.789993,2014-05-30 11:11:05
https://happywhale.com/individual/13225,female,22,58.378047,-134.789993,2014-05-30 11:11:05,58.4703,-134.894953,2014-08-21 09:27:49
https://happywhale.com/individual/13225,female,34,58.4703,-134.894953,2014-08-21 09:27:49,58.452761,-134.873129,2014-09-10 15:24:04
https://happywhale.com/individual/13225,female,37,58.452761,-134.873129,2014-09-10 15:24:04,58.411921,-134.858753,2015-08-10 16:38:30
https://happywhale.com/individual/13225,female,33,58.411921,-134.858753,2015-08-10 16:38:30,58.38232,-134.877848,2017-06-28 19:54:23
https://happywhale.com/individual/13225,female,26,58.38232,-134.877848,2017-06-28 19:54:23,58.4304185,-134.881149,2017-09-05 17:30:25
https://happywhale.com/individual/13225,female,36,58.4304185,-134.881149,2017-09-05 17:30:25,58.464228000000006,-134.8448285,2017-09-26 16:31:25
https://happywhale.com/individual/13225,female,39,58.464228000000006,-134.8448285,2017-09-26 16:31:25,58.417395,-134.899332,2018-06-16 14:03:06
https://happywhale.com/individual/13225,female,24,58.417395,-134.899332,2018-06-16 14:03:06,58.4019215,-134.813576,2019-05-01 16:19:32
https://happywhale.com/individual/13225,female,18,58.4019215,-134.813576,2019-05-01 16:19:32,58.401927,-134.859184,2019-05-09 14:54:22
https://happywhale.com/individual/13225,female,19,58.401927,-134.859184,2019-05-09 14:54:22,58.364756,-134.77231799999998,2019-12-13 00:28:24
https://happywhale.com/individual/13225,female,50,58.364756,-134.77231799999998,2019-12-13 00:28:24,58.329122,-134.645728,2019-12-24 00:50:07
https://happywhale.com/individual/13225,female,52,58.329122,-134.645728,2019-12-24 00:50:07,58.347535,-134.782119,2020-10-06 14:41:21
https://happywhale.com/individual/13225,female,41,58.347535,-134.782119,2020-10-06 14:41:21,58.3276835,-134.6549695,2020-12-18 14:33:06
https://happywhale.com/individual/13225,female,51,58.3276835,-134.6549695,2020-12-18 14:33:06,58.328,-134.619,2021-01-13 09:50:39
https://happywhale.com/individual/13225,female,2,58.328,-134.619,2021-01-13 09:50:39,58.3641645,-134.710064,2021-12-01 13:25:52
https://happywhale.com/individual/13225,female,48,58.3641645,-134.710064,2021-12-01 13:25:52,58.357191,-134.862396,2023-04-23 15:25:06
https://happywhale.com/individual/13225,female,16,58.357191,-134.862396,2023-04-23 15:25:06,20.769817,-156.535006,2024-02-26 02:26:18
https://happywhale.com/individual/13225,female,9,20.769817,-156.535006,2024-02-26 02:26:18,20.778625,-156.546867,2024-03-22 15:42:56
https://happywhale.com/individual/13225,female,12,20.778625,-156.546867,2024-03-22 15:42:56,58.34,-134.72,2024-09-30 17:27:24
https://happywhale.com/individual/13225,female,40,58.34,-134.72,2024-09-30 17:27:24,20.752406,-156.6103005,2025-03-05 16:35:25
https://happywhale.com/individual/13225,female,10,20.752406,-156.6103005,2025-03-05 16:35:25,20.736367,-156.557798,2025-03-24 08:34:06
https://happywhale.com/individual/13431,female,35,58.47191,-134.92444,2009-08-25 12:39:33,58.4649815,-134.92855550000002,2012-07-16 16:59:52
https://happywhale.com/individual/13431,female,29,58.4649815,-134.92855550000002,2012-07-16 16:59:52,58.404018,-134.8885645,2012-08-01 02:37:03
https://happywhale.com/individual/13431,female,31,58.404018,-134.8885645,2012-08-01 02:37:03,58.46225,-134.930464,2012-08-14 11:03:06
https://happywhale.com/individual/13431,female,33,58.46225,-134.930464,2012-08-14 11:03:06,58.463302,-134.926415,2013-08-07 12:42:48
https://happywhale.com/individual/13431,female,32,58.463302,-134.926415,2013-08-07 12:42:48,58.4764505,-134.929729,2013-09-05 15:16:57
https://happywhale.com/individual/13431,female,36,58.4764505,-134.929729,2013-09-05 15:16:57,58.461963,-134.913737,2013-09-13 14:07:23
https://happywhale.com/individual/13431,female,37,58.461963,-134.913737,2013-09-13 14:07:23,58.438064999999995,-134.8936125,2014-05-30 10:33:54
https://happywhale.com/individual/13431,female,22,58.438064999999995,-134.8936125,2014-05-30 10:33:54,58.3838875,-134.8210515,2014-06-16 13:03:09
https://happywhale.com/individual/13431,female,25,58.3838875,-134.8210515,2014-06-16 13:03:09,58.470087500000005,-134.9282565,2014-06-28 12:22:05
https://happywhale.com/individual/13431,female,26,58.470087500000005,-134.9282565,2014-06-28 12:22:05,58.4207105,-134.89500850000002,2014-07-04 14:27:16
https://happywhale.com/individual/13431,female,27,58.4207105,-134.89500850000002,2014-07-04 14:27:16,58.465668,-134.92834,2014-07-23 23:09:22
https://happywhale.com/individual/13431,female,30,58.465668,-134.92834,2014-07-23 23:09:22,58.460826499999996,-134.9039535,2014-08-21 08:33:47
https://happywhale.com/individual/13431,female,34,58.460826499999996,-134.9039535,2014-08-21 08:33:47,58.474304,-134.863297,2014-09-18 01:42:43
https://happywhale.com/individual/13431,female,38,58.474304,-134.863297,2014-09-18 01:42:43,58.433839000000006,-134.80742099999998,2014-09-29 11:01:19
https://happywhale.com/individual/13431,female,40,58.433839000000006,-134.80742099999998,2014-09-29 11:01:19,58.402871,-134.87926,2015-05-14 11:02:09
https://happywhale.com/individual/13431,female,20,58.402871,-134.87926,2015-05-14 11:02:09,58.43419,-134.84935,2017-09-26 16:26:27
https://happywhale.com/individual/13431,female,39,58.43419,-134.84935,2017-09-26 16:26:27,58.5872175,-135.0169935,2018-05-02 12:37:07
https://happywhale.com/individual/13431,female,18,58.5872175,-135.0169935,2018-05-02 12:37:07,58.475796,-134.93128000000002,2018-06-13 10:26:22
https://happywhale.com/individual/13431,female,24,58.475796,-134.93128000000002,2018-06-13 10:26:22,58.360932,-134.803987,2019-05-06 19:41:53
https://happywhale.com/individual/13431,female,19,58.360932,-134.803987,2019-05-06 19:41:53,58.41477,-134.815113,2019-06-08 11:07:03
https://happywhale.com/individual/13431,female,23,58.41477,-134.815113,2019-06-08 11:07:03,58.459882500000006,-134.9163875,2019-07-09 11:39:57
https://happywhale.com/individual/13431,female,28,58.459882500000006,-134.9163875,2019-07-09 11:39:57,58.4,-134.9,2019-12-13 01:00:42
https://happywhale.com/individual/13431,female,50,58.4,-134.9,2019-12-13 01:00:42,20.749582,-156.841488,2021-02-06 10:48:40
https://happywhale.com/individual/13431,female,5,20.749582,-156.841488,2021-02-06 10:48:40,58.4343475,-134.8756805,2021-05-26 14:25:30
https://happywhale.com/individual/13431,female,21,58.4343475,-134.8756805,2021-05-26 14:25:30,58.475375,-134.87683249999998,2021-10-17 13:58:01
https://happywhale.com/individual/13431,female,41,58.475375,-134.87683249999998,2021-10-17 13:58:01,58.380542,-134.871836,2022-04-15 16:15:14
https://happywhale.com/individual/13431,female,15,58.380542,-134.871836,2022-04-15 16:15:14,58.445978,-134.855976,2022-10-17 16:12:58
https://happywhale.com/individual/13431,female,42,58.445978,-134.855976,2022-10-17 16:12:58,20.753289,-156.60791,2023-01-22 14:41:51
https://happywhale.com/individual/13431,female,3,20.753289,-156.60791,2023-01-22 14:41:51,58.377911,-134.685345,2023-12-06 11:24:29
https://happywhale.com/individual/13431,female,49,58.377911,-134.685345,2023-12-06 11:24:29,20.889926,-156.757252,2025-02-28 17:56:53
https://happywhale.com/individual/16919,male,23,58.053223,-134.942874,2007-06-10 10:44:08,58.302936,-134.9412235,2008-06-11 18:29:56
https://happywhale.com/individual/16919,male,24,58.302936,-134.9412235,2008-06-11 18:29:56,58.3783235,-134.85305649999998,2012-07-21 07:03:09
https://happywhale.com/individual/16919,male,29,58.3783235,-134.85305649999998,2012-07-21 07:03:09,58.324349,-134.9271015,2013-06-19 13:02:44
https://happywhale.com/individual/16919,male,25,58.324349,-134.9271015,2013-06-19 13:02:44,58.282741,-134.883761,2014-07-03 18:35:35
https://happywhale.com/individual/16919,male,27,58.282741,-134.883761,2014-07-03 18:35:35,58.063342500000005,-134.9338055,2014-07-29 13:56:33
https://happywhale.com/individual/16919,male,31,58.063342500000005,-134.9338055,2014-07-29 13:56:33,58.2989635,-134.926848,2015-06-24 07:45:58
https://happywhale.com/individual/16919,male,26,58.2989635,-134.926848,2015-06-24 07:45:58,58.3135125,-134.95284500000002,2017-08-20 16:35:05
https://happywhale.com/individual/16919,male,33,58.3135125,-134.95284500000002,2017-08-20 16:35:05,20.8277015,-156.7066185,2018-02-27 12:36:45
https://happywhale.com/individual/16919,male,9,20.8277015,-156.7066185,2018-02-27 12:36:45,58.126337,-135.48531,2018-05-21 16:50:34
https://happywhale.com/individual/16919,male,21,58.126337,-135.48531,2018-05-21 16:50:34,58.384836,-134.839728,2018-07-24 09:47:54
https://happywhale.com/individual/16919,male,30,58.384836,-134.839728,2018-07-24 09:47:54,57.918487,-134.920607,2018-09-02 09:43:44
https://happywhale.com/individual/16919,male,35,57.918487,-134.920607,2018-09-02 09:43:44,21.5,-158.3,2019-03-06 09:23:53
https://happywhale.com/individual/16919,male,10,21.5,-158.3,2019-03-06 09:23:53,58.388742,-134.857472,2020-07-07 10:48:26
https://happywhale.com/individual/16919,male,28,58.388742,-134.857472,2020-07-07 10:48:26,57.94726,-134.936829,2020-08-06 12:25:35
https://happywhale.com/individual/16919,male,32,57.94726,-134.936829,2020-08-06 12:25:35,57.8678455,-134.960014,2020-09-05 16:19:41
https://happywhale.com/individual/16919,male,36,57.8678455,-134.960014,2020-09-05 16:19:41,58.13,-135.27,2020-10-06 16:08:10
https://happywhale.com/individual/16919,male,41,58.13,-135.27,2020-10-06 16:08:10,57.811012,-134.9642895,2021-08-28 15:12:35
https://happywhale.com/individual/16919,male,34,57.811012,-134.9642895,2021-08-28 15:12:35,20.7,-156.46,2022-01-16 13:21:13
https://happywhale.com/individual/16919,male,2,20.7,-156.46,2022-01-16 13:21:13,58.250482000000005,-134.9766045,2022-06-04 12:21:54
https://happywhale.com/individual/16919,male,22,58.250482000000005,-134.9766045,2022-06-04 12:21:54,20.7079425,-156.553537,2024-01-18 13:46:54
https://happywhale.com/individual/16919,male,3,20.7079425,-156.553537,2024-01-18 13:46:54,20.78,-156.5,2025-02-09 07:45:55
https://happywhale.com/individual/16919,male,6,20.78,-156.5,2025-02-09 07:45:55,20.78,-156.5,2025-02-17 22:47:03
https://happywhale.com/individual/18,female,48,29.958053,-114.24337750000001,2013-11-27 12:17:04,36.7271175,-121.8717745,2015-05-10 10:20:38
https://happywhale.com/individual/18,female,19,36.7271175,-121.8717745,2015-05-10 10:20:38,36.8,-121.85,2015-05-16 10:31:06
https://happywhale.com/individual/18,female,20,36.8,-121.85,2015-05-16 10:31:06,36.7155355,-121.9224615,2015-06-21 11:06:46
https://happywhale.com/individual/18,female,25,36.7155355,-121.9224615,2015-06-21 11:06:46,36.804647,-121.968214,2015-07-02 15:22:37
https://happywhale.com/individual/18,female,27,36.804647,-121.968214,2015-07-02 15:22:37,36.767718,-122.0,2017-05-02 14:39:59
https://happywhale.com/individual/18,female,18,36.767718,-122.0,2017-05-02 14:39:59,36.79173,-121.89515800000001,2017-06-27 08:23:56
https://happywhale.com/individual/18,female,26,36.79173,-121.89515800000001,2017-06-27 08:23:56,36.6984255,-121.864475,2017-07-15 08:49:53
https://happywhale.com/individual/18,female,28,36.6984255,-121.864475,2017-07-15 08:49:53,36.7084325,-121.882215,2017-07-17 12:16:11
https://happywhale.com/individual/18,female,29,36.7084325,-121.882215,2017-07-17 12:16:11,36.715606,-121.904433,2017-07-26 10:05:46
https://happywhale.com/individual/18,female,30,36.715606,-121.904433,2017-07-26 10:05:46,36.719167,-121.947083,2017-08-16 14:59:21
https://happywhale.com/individual/18,female,33,36.719167,-121.947083,2017-08-16 14:59:21,36.732228500000005,-121.9218545,2017-08-31 10:35:49
https://happywhale.com/individual/18,female,35,36.732228500000005,-121.9218545,2017-08-31 10:35:49,36.734505,-121.955795,2017-09-14 11:31:49
https://happywhale.com/individual/18,female,37,36.734505,-121.955795,2017-09-14 11:31:49,36.714656,-121.909837,2017-09-26 11:51:18
https://happywhale.com/individual/18,female,39,36.714656,-121.909837,2017-09-26 11:51:18,36.711846,-121.935833,2017-10-03 16:32:27
https://happywhale.com/individual/18,female,40,36.711846,-121.935833,2017-10-03 16:32:27,36.737908,-121.908814,2017-11-11 11:06:50
https://happywhale.com/individual/18,female,45,36.737908,-121.908814,2017-11-11 11:06:50,36.731667,-121.995,2017-12-10 16:24:23
https://happywhale.com/individual/18,female,49,36.731667,-121.995,2017-12-10 16:24:23,36.736317,-121.97334,2017-12-11 11:57:01
https://happywhale.com/individual/18,female,50,36.736317,-121.97334,2017-12-11 11:57:01,36.712806,-121.88557499999999,2018-08-20 15:50:18
https://happywhale.com/individual/18,female,34,36.712806,-121.88557499999999,2018-08-20 15:50:18,36.705659999999995,-121.861523,2018-09-08 09:43:44
https://happywhale.com/individual/18,female,36,36.705659999999995,-121.861523,2018-09-08 09:43:44,36.8,-121.982,2018-10-13 12:28:09
https://happywhale.com/individual/18,female,41,36.8,-121.982,2018-10-13 12:28:09,36.795717,-121.950989,2018-10-21 10:32:31
https://happywhale.com/individual/18,female,42,36.795717,-121.950989,2018-10-21 10:32:31,36.813133,-121.931076,2019-04-13 10:19:31
https://happywhale.com/individual/18,female,15,36.813133,-121.931076,2019-04-13 10:19:31,36.762918,-121.938245,2019-04-24 13:34:18
https://happywhale.com/individual/18,female,17,36.762918,-121.938245,2019-04-24 13:34:18,36.69022,-121.913225,2019-07-30 13:40:11
https://happywhale.com/individual/18,female,31,36.69022,-121.913225,2019-07-30 13:40:11,36.687026,-121.907043,2019-08-06 11:51:06
https://happywhale.com/individual/18,female,32,36.687026,-121.907043,2019-08-06 11:51:06,36.754096000000004,-121.8896535,2019-09-18 11:52:26
https://happywhale.com/individual/18,female,38,36.754096000000004,-121.8896535,2019-09-18 11:52:26,36.729241,-121.9765125,2019-10-28 10:04:30
https://happywhale.com/individual/18,female,44,36.729241,-121.9765125,2019-10-28 10:04:30,36.772351,-121.92481599999999,2019-11-11 11:41:24
https://happywhale.com/individual/18,female,46,36.772351,-121.92481599999999,2019-11-11 11:41:24,36.767223,-121.93368699999999,2019-11-23 11:29:14
https://happywhale.com/individual/18,female,47,36.767223,-121.93368699999999,2019-11-23 11:29:14,36.696643,-121.8875,2020-06-14 08:55:02
https://happywhale.com/individual/18,female,24,36.696643,-121.8875,2020-06-14 08:55:02,36.770168,-121.902745,2020-10-21 16:51:13
https://happywhale.com/individual/18,female,43,36.770168,-121.902745,2020-10-21 16:51:13,36.773259499999995,-121.94940199999999,2023-04-07 13:10:36
https://happywhale.com/individual/18,female,14,36.773259499999995,-121.94940199999999,2023-04-07 13:10:36,15.73663,-96.102319,2025-01-13 08:18:42
https://happywhale.com/individual/18,female,3,15.73663,-96.102319,2025-01-13 08:18:42,36.691305,-121.876877,2025-04-20 10:41:40
https://happywhale.com/individual/18248,male,37,58.4723945,-134.8859125,2014-09-10 13:54:47,58.439,-134.81,2014-09-29 12:47:32
https://happywhale.com/individual/18248,male,40,58.439,-134.81,2014-09-29 12:47:32,58.475329,-134.93143049999998,2017-07-23 16:03:37
https://happywhale.com/individual/18248,male,29,58.475329,-134.93143049999998,2017-07-23 16:03:37,58.4745415,-134.9313695,2018-07-23 19:09:49
https://happywhale.com/individual/18248,male,30,58.4745415,-134.9313695,2018-07-23 19:09:49,58.471937999999994,-134.93417449999998,2019-07-01 13:54:33
https://happywhale.com/individual/18248,male,27,58.471937999999994,-134.93417449999998,2019-07-01 13:54:33,58.467513,-134.9286565,2019-08-05 18:47:09
https://happywhale.com/individual/18248,male,32,58.467513,-134.9286565,2019-08-05 18:47:09,58.47046,-134.9279765,2019-09-04 12:17:50
https://happywhale.com/individual/18248,male,36,58.47046,-134.9279765,2019-09-04 12:17:50,58.473082,-134.868137,2019-09-19 13:55:48
https://happywhale.com/individual/18248,male,38,58.473082,-134.868137,2019-09-19 13:55:48,58.4,-134.9,2019-12-13 01:24:15
https://happywhale.com/individual/18248,male,50,58.4,-134.9,2019-12-13 01:24:15,58.46101,-134.929183,2020-08-23 16:52:38
https://happywhale.com/individual/18248,male,34,58.46101,-134.929183,2020-08-23 16:52:38,58.473363,-134.929644,2020-08-27 14:48:06
https://happywhale.com/individual/18248,male,35,58.473363,-134.929644,2020-08-27 14:48:06,58.4731395,-134.855425,2020-09-24 16:39:16
https://happywhale.com/individual/18248,male,39,58.4731395,-134.855425,2020-09-24 16:39:16,58.474164,-134.931561,2021-07-03 11:09:22
https://happywhale.com/individual/18248,male,26,58.474164,-134.931561,2021-07-03 11:09:22,58.469996,-134.931221,2021-07-15 13:36:15
https://happywhale.com/individual/18248,male,28,58.469996,-134.931221,2021-07-15 13:36:15,58.470265,-134.931335,2021-08-07 11:36:24
https://happywhale.com/individual/18248,male,31,58.470265,-134.931335,2021-08-07 11:36:24,58.4729385,-134.93364250000002,2021-08-19 11:55:52
https://happywhale.com/individual/18248,male,33,58.4729385,-134.93364250000002,2021-08-19 11:55:52,58.410855,-134.90742,2021-11-02 12:57:21
https://happywhale.com/individual/18248,male,44,58.410855,-134.90742,2021-11-02 12:57:21,58.451958,-134.856162,2022-10-14 11:50:15
https://happywhale.com/individual/18248,male,41,58.451958,-134.856162,2022-10-14 11:50:15,58.444284,-134.854774,2022-10-17 16:12:59
https://happywhale.com/individual/18248,male,42,58.444284,-134.854774,2022-10-17 16:12:59,58.433369,-134.929858,2023-06-13 21:10:29
https://happywhale.com/individual/18248,male,24,58.433369,-134.929858,2023-06-13 21:10:29,58.46767,-134.930005,2023-06-24 13:47:52
https://happywhale.com/individual/18248,male,25,58.46767,-134.930005,2023-06-24 13:47:52,58.395423,-134.89222,2024-06-04 18:32:43
https://happywhale.com/individual/18248,male,23,58.395423,-134.89222,2024-06-04 18:32:43,58.446286,-134.92060750000002,2025-05-31 15:00:54
https://happywhale.com/individual/18448,female,33,58.471854,-134.9298325,2004-08-13 13:08:30,58.459893,-134.930388,2008-08-01 09:51:15
https://happywhale.com/individual/18448,female,31,58.459893,-134.930388,2008-08-01 09:51:15,58.4639,-134.927338,2012-07-02 05:10:43
https://happywhale.com/individual/18448,female,27,58.4639,-134.927338,2012-07-02 05:10:43,58.477814,-134.932404,2012-07-14 08:43:10
https://happywhale.com/individual/18448,female,28,58.477814,-134.932404,2012-07-14 08:43:10,58.461938,-134.902277,2013-08-26 11:09:02
https://happywhale.com/individual/18448,female,35,58.461938,-134.902277,2013-08-26 11:09:02,58.47602,-134.921414,2013-09-24 13:46:42
https://happywhale.com/individual/18448,female,39,58.47602,-134.921414,2013-09-24 13:46:42,58.46556,-134.930374,2014-07-25 09:30:49
https://happywhale.com/individual/18448,female,30,58.46556,-134.930374,2014-07-25 09:30:49,58.471944,-134.933535,2014-08-21 09:22:26
https://happywhale.com/individual/18448,female,34,58.471944,-134.933535,2014-08-21 09:22:26,58.4518,-134.834535,2014-09-12 10:40:05
https://happywhale.com/individual/18448,female,37,58.4518,-134.834535,2014-09-12 10:40:05,58.499,-134.8516,2014-09-29 17:05:34
https://happywhale.com/individual/18448,female,40,58.499,-134.8516,2014-09-29 17:05:34,58.4092085,-134.803121,2018-05-07 15:36:53
https://happywhale.com/individual/18448,female,19,58.4092085,-134.803121,2018-05-07 15:36:53,58.4520825,-134.847409,2018-09-04 10:12:49
https://happywhale.com/individual/18448,female,36,58.4520825,-134.847409,2018-09-04 10:12:49,58.455717,-134.853331,2018-09-20 01:53:44
https://happywhale.com/individual/18448,female,38,58.455717,-134.853331,2018-09-20 01:53:44,58.373559,-134.776154,2019-05-14 11:18:10
https://happywhale.com/individual/18448,female,20,58.373559,-134.776154,2019-05-14 11:18:10,58.464502,-134.93255,2019-07-18 10:25:37
https://happywhale.com/individual/18448,female,29,58.464502,-134.93255,2019-07-18 10:25:37,58.470322499999995,-134.93102950000002,2019-08-09 12:06:42
https://happywhale.com/individual/18448,female,32,58.470322499999995,-134.93102950000002,2019-08-09 12:06:42,58.4,-134.9,2019-12-13 00:11:10
https://happywhale.com/individual/18448,female,50,58.4,-134.9,2019-12-13 00:11:10,58.330675,-134.641657,2020-12-27 10:46:38
https://happywhale.com/individual/18448,female,52,58.330675,-134.641657,2020-12-27 10:46:38,58.329085,-134.657065,2020-12-28 14:47:38
https://happywhale.com/individual/18448,female,53,58.329085,-134.657065,2020-12-28 14:47:38,58.3165,-134.6916,2021-01-07 15:42:35
https://happywhale.com/individual/18448,female,1,58.3165,-134.6916,2021-01-07 15:42:35,58.36178,-134.753175,2021-05-27 09:03:28
https://happywhale.com/individual/18448,female,21,58.36178,-134.753175,2021-05-27 09:03:28,58.475316,-134.929848,2021-06-30 13:08:25
https://happywhale.com/individual/18448,female,26,58.475316,-134.929848,2021-06-30 13:08:25,58.320954,-134.664574,2021-12-01 13:17:56
https://happywhale.com/individual/18448,female,48,58.320954,-134.664574,2021-12-01 13:17:56,58.322659,-134.655369,2022-01-13 14:26:38
https://happywhale.com/individual/18448,female,2,58.322659,-134.655369,2022-01-13 14:26:38,58.769848,-135.012687,2022-04-23 10:18:05
https://happywhale.com/individual/18448,female,16,58.769848,-135.012687,2022-04-23 10:18:05,58.328801999999996,-134.783944,2022-06-11 14:19:22
https://happywhale.com/individual/18448,female,23,58.328801999999996,-134.783944,2022-06-11 14:19:22,58.337225,-134.617541,2022-11-26 15:23:56
https://happywhale.com/individual/18448,female,47,58.337225,-134.617541,2022-11-26 15:23:56,20.785805,-156.495806,2023-03-12 07:47:27
https://happywhale.com/individual/18448,female,10,20.785805,-156.495806,2023-03-12 07:47:27,20.87,-156.7,2023-03-24 11:11:41
https://happywhale.com/individual/18448,female,12,20.87,-156.7,2023-03-24 11:11:41,58.425447,-134.936927,2023-06-22 12:10:51
https://happywhale.com/individual/18448,female,25,58.425447,-134.936927,2023-06-22 12:10:51,58.325083,-134.66153,2023-12-07 11:55:06
https://happywhale.com/individual/18448,female,49,58.325083,-134.66153,2023-12-07 11:55:06,58.328823,-134.796758,2025-04-22 18:17:13
https://happywhale.com/individual/18448,female,17,58.328823,-134.796758,2025-04-22 18:17:13,58.3357225,-134.7263795,2025-05-02 13:29:53
https://happywhale.com/individual/18448,female,18,58.3357225,-134.7263795,2025-05-02 13:29:53,58.379603,-134.877031,2025-05-30 15:47:49
https://happywhale.com/individual/18448,female,22,58.379603,-134.877031,2025-05-30 15:47:49,58.4035965,-134.8061615,2025-06-09 13:59:40
https://happywhale.com/individual/22538,male,35,48.280613,-123.777654,2018-08-31 10:56:40,22.883767,-109.872551,2019-02-05 16:15:53
https://happywhale.com/individual/22538,male,6,22.883767,-109.872551,2019-02-05 16:15:53,48.293056,-123.424255,2019-07-20 17:13:36
https://happywhale.com/individual/22538,male,29,48.293056,-123.424255,2019-07-20 17:13:36,48.291996499999996,-123.4764325,2019-08-09 12:17:40
https://happywhale.com/individual/22538,male,32,48.291996499999996,-123.4764325,2019-08-09 12:17:40,48.303462999999994,-123.596336,2019-08-12 10:54:02
https://happywhale.com/individual/22538,male,33,48.303462999999994,-123.596336,2019-08-12 10:54:02,48.293587,-123.517029,2019-09-09 13:29:17
https://happywhale.com/individual/22538,male,37,48.293587,-123.517029,2019-09-09 13:29:17,48.28417,-123.410045,2019-09-19 10:57:40
https://happywhale.com/individual/22538,male,38,48.28417,-123.410045,2019-09-19 10:57:40,48.2745395,-123.670941,2020-07-08 07:46:32
https://happywhale.com/individual/22538,male,28,48.2745395,-123.670941,2020-07-08 07:46:32,48.316498,-123.464355,2020-08-02 11:17:02
https://happywhale.com/individual/22538,male,31,48.316498,-123.464355,2020-08-02 11:17:02,48.311547,-123.807242,2020-09-21 03:59:32
https://happywhale.com/individual/22538,male,39,48.311547,-123.807242,2020-09-21 03:59:32,48.252446000000006,-123.25993249999999,2021-06-13 15:04:38
https://happywhale.com/individual/22538,male,23,48.252446000000006,-123.25993249999999,2021-06-13 15:04:38,48.296002,-123.521912,2021-08-01 16:28:22
https://happywhale.com/individual/22538,male,30,48.296002,-123.521912,2021-08-01 16:28:22,48.309117,-123.458862,2021-09-09 23:54:44
https://happywhale.com/individual/22538,male,36,48.309117,-123.458862,2021-09-09 23:54:44,48.2190995,-123.4483,2022-06-19 12:01:39
https://happywhale.com/individual/22538,male,24,48.2190995,-123.4483,2022-06-19 12:01:39,48.207358,-123.386353,2022-06-20 12:21:20
https://happywhale.com/individual/22538,male,25,48.207358,-123.386353,2022-06-20 12:21:20,48.232011,-123.3700365,2022-06-27 00:45:46
https://happywhale.com/individual/22538,male,26,48.232011,-123.3700365,2022-06-27 00:45:46,48.3411525,-123.3682555,2022-08-25 13:11:58
https://happywhale.com/individual/22538,male,34,48.3411525,-123.3682555,2022-08-25 13:11:58,48.3187985,-123.6771645,2022-10-04 10:13:59
https://happywhale.com/individual/22538,male,40,48.3187985,-123.6771645,2022-10-04 10:13:59,48.198337,-123.423328,2023-05-17 14:17:06
https://happywhale.com/individual/22538,male,20,48.198337,-123.423328,2023-05-17 14:17:06,48.1954815,-123.3757785,2023-05-26 00:19:12
https://happywhale.com/individual/22538,male,21,48.1954815,-123.3757785,2023-05-26 00:19:12,48.310054,-123.47204,2023-10-09 10:27:17
https://happywhale.com/individual/22538,male,41,48.310054,-123.47204,2023-10-09 10:27:17,48.2164825,-123.31683000000001,2024-06-01 17:38:17
https://happywhale.com/individual/22538,male,22,48.2164825,-123.31683000000001,2024-06-01 17:38:17,48.352816,-123.405304,2024-07-02 15:52:35
https://happywhale.com/individual/22538,male,27,48.352816,-123.405304,2024-07-02 15:52:35,48.270352,-123.453632,2024-10-15 12:25:38
https://happywhale.com/individual/264,female,33,36.779785,-121.861085,2014-08-15 10:02:45,36.7115675,-121.8663605,2014-08-26 09:37:40
https://happywhale.com/individual/264,female,35,36.7115675,-121.8663605,2014-08-26 09:37:40,36.804256499999994,-121.8694335,2014-10-07 10:56:16
https://happywhale.com/individual/264,female,41,36.804256499999994,-121.8694335,2014-10-07 10:56:16,36.6784005,-121.8577485,2014-11-03 16:28:18
https://happywhale.com/individual/264,female,45,36.6784005,-121.8577485,2014-11-03 16:28:18,36.7709575,-121.874033,2017-08-03 09:33:12
https://happywhale.com/individual/264,female,31,36.7709575,-121.874033,2017-08-03 09:33:12,36.7871695,-121.90108900000001,2017-09-24 11:29:04
https://happywhale.com/individual/264,female,38,36.7871695,-121.90108900000001,2017-09-24 11:29:04,36.7797815,-121.8398985,2017-10-06 11:13:08
https://happywhale.com/individual/264,female,40,36.7797815,-121.8398985,2017-10-06 11:13:08,36.792049,-121.909445,2017-10-19 12:33:16
https://happywhale.com/individual/264,female,42,36.792049,-121.909445,2017-10-19 12:33:16,36.711298,-121.932449,2017-11-25 15:54:03
https://happywhale.com/individual/264,female,47,36.711298,-121.932449,2017-11-25 15:54:03,35.37,-120.9,2018-05-14 05:22:24
https://happywhale.com/individual/264,female,20,35.37,-120.9,2018-05-14 05:22:24,36.771234,-121.8263245,2018-06-24 09:19:56
https://happywhale.com/individual/264,female,25,36.771234,-121.8263245,2018-06-24 09:19:56,36.834222,-121.943452,2018-07-12 12:28:46
https://happywhale.com/individual/264,female,28,36.834222,-121.943452,2018-07-12 12:28:46,36.7449005,-121.910945,2018-07-19 09:22:14
https://happywhale.com/individual/264,female,29,36.7449005,-121.910945,2018-07-19 09:22:14,36.793019,-121.9303225,2018-09-03 14:05:29
https://happywhale.com/individual/264,female,36,36.793019,-121.9303225,2018-09-03 14:05:29,36.8,-121.850692,2018-09-29 09:24:19
https://happywhale.com/individual/264,female,39,36.8,-121.850692,2018-09-29 09:24:19,36.799952,-121.85,2018-11-15 11:14:27
https://happywhale.com/individual/264,female,46,36.799952,-121.85,2018-11-15 11:14:27,36.785632500000006,-121.93239650000001,2019-04-19 12:42:04
https://happywhale.com/individual/264,female,16,36.785632500000006,-121.93239650000001,2019-04-19 12:42:04,36.780553,-121.983333,2019-05-30 11:00:33
https://happywhale.com/individual/264,female,22,36.780553,-121.983333,2019-05-30 11:00:33,36.776292,-121.889256,2019-08-05 11:40:01
https://happywhale.com/individual/264,female,32,36.776292,-121.889256,2019-08-05 11:40:01,36.780240500000005,-121.85683,2019-09-12 10:31:46
https://happywhale.com/individual/264,female,37,36.780240500000005,-121.85683,2019-09-12 10:31:46,36.706138,-121.989705,2019-12-17 11:07:42
https://happywhale.com/individual/264,female,51,36.706138,-121.989705,2019-12-17 11:07:42,36.7969335,-121.9465995,2020-06-13 10:09:55
https://happywhale.com/individual/264,female,24,36.7969335,-121.9465995,2020-06-13 10:09:55,36.89669,-121.896618,2020-06-27 11:34:36
https://happywhale.com/individual/264,female,26,36.89669,-121.896618,2020-06-27 11:34:36,36.752644,-122.015613,2021-05-14 11:01:04
https://happywhale.com/individual/264,female,19,36.752644,-122.015613,2021-05-14 11:01:04,36.751850000000005,-121.938761,2021-07-09 10:14:16
https://happywhale.com/individual/264,female,27,36.751850000000005,-121.938761,2021-07-09 10:14:16,36.789488,-121.93336,2021-07-27 12:39:05
https://happywhale.com/individual/264,female,30,36.789488,-121.93336,2021-07-27 12:39:05,36.7588155,-121.8854665,2021-08-24 14:52:38
https://happywhale.com/individual/264,female,34,36.7588155,-121.8854665,2021-08-24 14:52:38,36.80267,-121.830178,2021-10-29 10:21:28
https://happywhale.com/individual/264,female,43,36.80267,-121.830178,2021-10-29 10:21:28,36.767590999999996,-121.85108149999999,2021-11-01 11:50:41
https://happywhale.com/individual/264,female,44,36.767590999999996,-121.85108149999999,2021-11-01 11:50:41,36.921,-121.969,2021-12-04 13:54:10
https://happywhale.com/individual/264,female,48,36.921,-121.969,2021-12-04 13:54:10,36.805687,-121.939,2021-12-10 14:22:10
https://happywhale.com/individual/264,female,49,36.805687,-121.939,2021-12-10 14:22:10,36.794917,-121.938,2022-06-08 11:54:22
https://happywhale.com/individual/264,female,23,36.794917,-121.938,2022-06-08 11:54:22,22.891605,-109.824257,2024-02-09 09:35:33
https://happywhale.com/individual/264,female,6,22.891605,-109.824257,2024-02-09 09:35:33,36.88,-122.01,2025-05-21 14:26:01
https://happywhale.com/individual/26458,female,35,58.455264,-134.856785,2009-08-25 12:38:31,58.416288,-134.896755,2012-07-14 08:43:05
https://happywhale.com/individual/26458,female,28,58.416288,-134.896755,2012-07-14 08:43:05,58.376297,-134.892998,2012-07-16 16:35:20
https://happywhale.com/individual/26458,female,29,58.376297,-134.892998,2012-07-16 16:35:20,58.44265,-134.9029,2012-07-23 17:20:12
https://happywhale.com/individual/26458,female,30,58.44265,-134.9029,2012-07-23 17:20:12,58.400594999999996,-134.886567,2012-08-01 19:06:13
https://happywhale.com/individual/26458,female,31,58.400594999999996,-134.886567,2012-08-01 19:06:13,58.41207,-134.932859,2013-06-19 13:12:08
https://happywhale.com/individual/26458,female,25,58.41207,-134.932859,2013-06-19 13:12:08,58.402074999999996,-134.883401,2013-07-04 13:43:48
https://happywhale.com/individual/26458,female,27,58.402074999999996,-134.883401,2013-07-04 13:43:48,58.425845,-134.912363,2013-08-07 11:22:39
https://happywhale.com/individual/26458,female,32,58.425845,-134.912363,2013-08-07 11:22:39,58.414365,-134.933133,2013-08-12 11:03:39
https://happywhale.com/individual/26458,female,33,58.414365,-134.933133,2013-08-12 11:03:39,58.45036,-134.849662,2013-09-05 17:16:03
https://happywhale.com/individual/26458,female,36,58.45036,-134.849662,2013-09-05 17:16:03,58.454343,-134.865877,2013-09-13 13:58:09
https://happywhale.com/individual/26458,female,37,58.454343,-134.865877,2013-09-13 13:58:09,58.477056,-134.855659,2013-09-24 09:43:55
https://happywhale.com/individual/26458,female,39,58.477056,-134.855659,2013-09-24 09:43:55,58.4105885,-134.8971205,2014-05-17 14:37:06
https://happywhale.com/individual/26458,female,20,58.4105885,-134.8971205,2014-05-17 14:37:06,58.358188,-134.833368,2014-06-06 10:43:32
https://happywhale.com/individual/26458,female,23,58.358188,-134.833368,2014-06-06 10:43:32,58.365504,-134.880226,2014-06-28 10:21:13
https://happywhale.com/individual/26458,female,26,58.365504,-134.880226,2014-06-28 10:21:13,58.452819000000005,-134.894116,2014-08-21 08:40:03
https://happywhale.com/individual/26458,female,34,58.452819000000005,-134.894116,2014-08-21 08:40:03,58.448935000000006,-134.85693049999998,2014-09-18 01:31:17
https://happywhale.com/individual/26458,female,38,58.448935000000006,-134.85693049999998,2014-09-18 01:31:17,58.410585,-134.93,2017-06-13 09:54:34
https://happywhale.com/individual/26458,female,24,58.410585,-134.93,2017-06-13 09:54:34,58.385991,-134.819992,2018-05-07 17:25:14
https://happywhale.com/individual/26458,female,19,58.385991,-134.819992,2018-05-07 17:25:14,58.4052195,-134.9068095,2018-05-30 12:02:37
https://happywhale.com/individual/26458,female,22,58.4052195,-134.9068095,2018-05-30 12:02:37,58.4,-134.9,2019-12-13 01:24:38
https://happywhale.com/individual/26458,female,50,58.4,-134.9,2019-12-13 01:24:38,58.3910345,-134.8775615,2021-05-27 15:30:45
https://happywhale.com/individual/26458,female,21,58.3910345,-134.8775615,2021-05-27 15:30:45,58.422873,-134.81942,2021-11-02 13:27:39
https://happywhale.com/individual/26458,female,44,58.422873,-134.81942,2021-11-02 13:27:39,58.326598,-134.655149,2021-12-01 13:17:53
https://happywhale.com/individual/26458,female,48,58.326598,-134.655149,2021-12-01 13:17:53,58.409407,-134.904556,2022-04-21 14:07:28
https://happywhale.com/individual/26458,female,16,58.409407,-134.904556,2022-04-21 14:07:28,58.304492,-134.75226,2022-10-03 14:50:49
https://happywhale.com/individual/26458,female,40,58.304492,-134.75226,2022-10-03 14:50:49,58.445616,-134.84700600000002,2022-10-14 11:58:08
https://happywhale.com/individual/26458,female,41,58.445616,-134.84700600000002,2022-10-14 11:58:08,58.447503,-134.8574945,2022-10-17 16:39:55
https://happywhale.com/individual/26458,female,42,58.447503,-134.8574945,2022-10-17 16:39:55,58.400709500000005,-134.830545,2023-05-06 20:18:55
https://happywhale.com/individual/26458,female,18,58.400709500000005,-134.830545,2023-05-06 20:18:55,58.401103,-134.88096,2024-04-26 14:11:20
https://happywhale.com/individual/26860,male,20,58.4666995,-134.92747450000002,2012-05-14 18:06:40,58.411928,-134.913933,2015-09-07 11:30:45
https://happywhale.com/individual/26860,male,37,58.411928,-134.913933,2015-09-07 11:30:45,58.398687,-134.932066,2019-06-15 17:08:56
https://happywhale.com/individual/26860,male,24,58.398687,-134.932066,2019-06-15 17:08:56,58.4,-134.9,2020-04-12 03:12:36
https://happywhale.com/individual/26860,male,15,58.4,-134.9,2020-04-12 03:12:36,58.474471,-134.9329415,2020-08-27 13:40:23
https://happywhale.com/individual/26860,male,35,58.474471,-134.9329415,2020-08-27 13:40:23,58.485054,-134.848868,2020-09-17 17:07:16
https://happywhale.com/individual/26860,male,38,58.485054,-134.848868,2020-09-17 17:07:16,58.407080500000006,-134.82516900000002,2021-05-09 16:19:05
https://happywhale.com/individual/26860,male,18,58.407080500000006,-134.82516900000002,2021-05-09 16:19:05,58.40025,-134.898133,2021-06-01 15:48:33
https://happywhale.com/individual/26860,male,22,58.40025,-134.898133,2021-06-01 15:48:33,58.328087,-134.929587,2021-06-08 13:14:38
https://happywhale.com/individual/26860,male,23,58.328087,-134.929587,2021-06-08 13:14:38,58.300976500000004,-135.7744755,2021-06-30 09:36:03
https://happywhale.com/individual/26860,male,26,58.300976500000004,-135.7744755,2021-06-30 09:36:03,58.2755295,-134.9930305,2021-08-07 16:57:49
https://happywhale.com/individual/26860,male,31,58.2755295,-134.9930305,2021-08-07 16:57:49,58.426134000000005,-134.8776545,2022-05-24 19:06:04
https://happywhale.com/individual/26860,male,21,58.426134000000005,-134.8776545,2022-05-24 19:06:04,58.290521,-134.936858,2022-07-15 19:41:35
https://happywhale.com/individual/26860,male,28,58.290521,-134.936858,2022-07-15 19:41:35,57.849658000000005,-134.330944,2022-08-09 18:13:05
https://happywhale.com/individual/26860,male,32,57.849658000000005,-134.330944,2022-08-09 18:13:05,58.356,-134.844612,2023-04-28 15:59:03
https://happywhale.com/individual/26860,male,17,58.356,-134.844612,2023-04-28 15:59:03,58.388966,-134.826613,2023-05-10 18:27:18
https://happywhale.com/individual/26860,male,19,58.388966,-134.826613,2023-05-10 18:27:18,58.446453,-134.93524100000002,2023-06-23 11:40:15
https://happywhale.com/individual/26860,male,25,58.446453,-134.93524100000002,2023-06-23 11:40:15,58.436635,-135.848572,2023-07-06 19:12:50
https://happywhale.com/individual/26860,male,27,58.436635,-135.848572,2023-07-06 19:12:50,58.331576,-134.769853,2023-09-04 21:43:47
https://happywhale.com/individual/26860,male,36,58.331576,-134.769853,2023-09-04 21:43:47,57.1236,-135.5409,2024-03-21 10:48:51
https://happywhale.com/individual/26860,male,12,57.1236,-135.5409,2024-03-21 10:48:51,58.294336,-135.806122,2024-07-17 21:30:42
https://happywhale.com/individual/26860,male,29,58.294336,-135.806122,2024-07-17 21:30:42,58.472669,-134.933991,2024-08-13 18:20:19
https://happywhale.com/individual/26860,male,33,58.472669,-134.933991,2024-08-13 18:20:19,58.492582,-134.928455,2024-08-19 16:31:38
https://happywhale.com/individual/26860,male,34,58.492582,-134.928455,2024-08-19 16:31:38,58.47602,-134.93172,2024-09-23 13:37:40
https://happywhale.com/individual/26860,male,39,58.47602,-134.93172,2024-09-23 13:37:40,58.4331455,-134.8666195,2025-04-04 07:30:42
https://happywhale.com/individual/26860,male,14,58.4331455,-134.8666195,2025-04-04 07:30:42,58.360085,-134.836779,2025-04-18 12:21:47
https://happywhale.com/individual/4083,male,33,48.284293,-123.488156,2007-08-17 11:37:06,48.284221,-123.553491,2007-10-31 12:57:31
https://happywhale.com/individual/4083,male,44,48.284221,-123.553491,2007-10-31 12:57:31,48.296499,-123.322424,2007-11-20 16:24:52
https://happywhale.com/individual/4083,male,47,48.296499,-123.322424,2007-11-20 16:24:52,48.300567,-123.642368,2007-11-29 15:43:32
https://happywhale.com/individual/4083,male,48,48.300567,-123.642368,2007-11-29 15:43:32,48.3138995,-123.4647205,2008-10-04 15:17:07
https://happywhale.com/individual/4083,male,40,48.3138995,-123.4647205,2008-10-04 15:17:07,48.29048950000001,-123.395455,2009-10-18 11:30:39
https://happywhale.com/individual/4083,male,42,48.29048950000001,-123.395455,2009-10-18 11:30:39,48.313707,-123.352679,2011-10-30 15:09:05
https://happywhale.com/individual/4083,male,43,48.313707,-123.352679,2011-10-30 15:09:05,48.34,-123.37,2012-07-29 20:00:59
https://happywhale.com/individual/4083,male,30,48.34,-123.37,2012-07-29 20:00:59,20.75,-156.666667,2014-01-14 08:45:04
https://happywhale.com/individual/4083,male,3,20.75,-156.666667,2014-01-14 08:45:04,48.411063,-123.61612,2014-09-24 15:49:38
https://happywhale.com/individual/4083,male,39,48.411063,-123.61612,2014-09-24 15:49:38,48.564272,-123.4079305,2015-07-14 15:15:23
https://happywhale.com/individual/4083,male,29,48.564272,-123.4079305,2015-07-14 15:15:23,48.3617185,-123.532134,2015-07-27 11:12:20
https://happywhale.com/individual/4083,male,31,48.3617185,-123.532134,2015-07-27 11:12:20,49.215,-123.4947,2015-08-05 18:44:36
https://happywhale.com/individual/4083,male,32,49.215,-123.4947,2015-08-05 18:44:36,48.3437,-123.442383,2015-08-22 12:53:30
https://happywhale.com/individual/4083,male,34,48.3437,-123.442383,2015-08-22 12:53:30,48.423164,-123.267518,2015-09-11 12:46:24
https://happywhale.com/individual/4083,male,37,48.423164,-123.267518,2015-09-11 12:46:24,48.293569,-123.1965265,2017-05-02 14:06:20
https://happywhale.com/individual/4083,male,18,48.293569,-123.1965265,2017-05-02 14:06:20,48.532222,-123.014722,2017-05-15 13:37:32
https://happywhale.com/individual/4083,male,20,48.532222,-123.014722,2017-05-15 13:37:32,48.320587,-123.121857,2018-05-23 12:33:04
https://happywhale.com/individual/4083,male,21,48.320587,-123.121857,2018-05-23 12:33:04,48.515015,-123.08475,2018-05-30 17:01:13
https://happywhale.com/individual/4083,male,22,48.515015,-123.08475,2018-05-30 17:01:13,48.41957,-123.344879,2018-07-14 10:26:41
https://happywhale.com/individual/4083,male,28,48.41957,-123.344879,2018-07-14 10:26:41,49.287319,-123.769226,2018-09-03 14:58:10
https://happywhale.com/individual/4083,male,36,49.287319,-123.769226,2018-09-03 14:58:10,48.294272,-123.364105,2018-11-18 13:50:05
https://happywhale.com/individual/4083,male,46,48.294272,-123.364105,2018-11-18 13:50:05,21.153677,-157.951126,2020-02-23 09:55:29
https://happywhale.com/individual/4083,male,8,21.153677,-157.951126,2020-02-23 09:55:29,48.240841,-123.406128,2020-07-04 07:45:49
https://happywhale.com/individual/4083,male,27,48.240841,-123.406128,2020-07-04 07:45:49,48.247683,-123.24251,2021-06-12 15:30:19
https://happywhale.com/individual/4083,male,23,48.247683,-123.24251,2021-06-12 15:30:19,48.290661,-123.4825515,2021-07-03 18:02:34
https://happywhale.com/individual/4083,male,26,48.290661,-123.4825515,2021-07-03 18:02:34,20.821683,-156.717967,2022-01-26 11:27:45
https://happywhale.com/individual/4083,male,4,20.821683,-156.717967,2022-01-26 11:27:45,48.404133,-123.22113,2022-06-13 12:39:35
https://happywhale.com/individual/4083,male,24,48.404133,-123.22113,2022-06-13 12:39:35,48.2498,-123.399818,2022-06-26 12:00:22
https://happywhale.com/individual/4083,male,25,48.2498,-123.399818,2022-06-26 12:00:22,49.301481,-123.453369,2023-08-30 13:05:47
https://happywhale.com/individual/4083,male,35,49.301481,-123.453369,2023-08-30 13:05:47,48.3254185,-122.9042365,2024-05-11 15:12:51
https://happywhale.com/individual/4083,male,19,48.3254185,-122.9042365,2024-05-11 15:12:51,20.706068,-156.486855,2025-03-18 10:33:11
https://happywhale.com/individual/4618,male,27,58.34,-134.943388,2004-07-01 15:37:29,58.054052,-134.977117,2005-08-23 08:19:41
https://happywhale.com/individual/4618,male,34,58.054052,-134.977117,2005-08-23 08:19:41,58.09638,-135.460396,2007-09-12 15:05:33
https://happywhale.com/individual/4618,male,37,58.09638,-135.460396,2007-09-12 15:05:33,58.112235,-135.476908,2013-05-23 13:28:05
https://happywhale.com/individual/4618,male,21,58.112235,-135.476908,2013-05-23 13:28:05,58.34,-134.919718,2013-06-19 23:44:34
https://happywhale.com/individual/4618,male,25,58.34,-134.919718,2013-06-19 23:44:34,58.294167,-134.980902,2015-07-07 20:39:54
https://happywhale.com/individual/4618,male,28,58.294167,-134.980902,2015-07-07 20:39:54,58.081509,-135.273069,2015-08-25 15:12:40
https://happywhale.com/individual/4618,male,35,58.081509,-135.273069,2015-08-25 15:12:40,20.83979,-156.690842,2016-03-20 11:35:23
https://happywhale.com/individual/4618,male,11,20.83979,-156.690842,2016-03-20 11:35:23,58.0906105,-135.059222,2016-09-19 18:21:28
https://happywhale.com/individual/4618,male,38,58.0906105,-135.059222,2016-09-19 18:21:28,58.133737,-135.314484,2018-05-28 15:12:44
https://happywhale.com/individual/4618,male,22,58.133737,-135.314484,2018-05-28 15:12:44,58.13,-135.417974,2018-07-18 19:13:37
https://happywhale.com/individual/4618,male,29,58.13,-135.417974,2018-07-18 19:13:37,58.299151,-134.970612,2018-08-15 14:05:26
https://happywhale.com/individual/4618,male,33,58.299151,-134.970612,2018-08-15 14:05:26,58.292166,-135.25363,2019-06-30 18:05:58
https://happywhale.com/individual/4618,male,26,58.292166,-135.25363,2019-06-30 18:05:58,58.350249,-135.493956,2019-07-22 18:50:08
https://happywhale.com/individual/4618,male,30,58.350249,-135.493956,2019-07-22 18:50:08,58.128494,-135.4242145,2019-07-31 18:27:52
https://happywhale.com/individual/4618,male,31,58.128494,-135.4242145,2019-07-31 18:27:52,57.887381,-134.960014,2020-09-05 14:06:12
https://happywhale.com/individual/4618,male,36,57.887381,-134.960014,2020-09-05 14:06:12,58.23833,-134.684258,2020-10-28 16:25:32
https://happywhale.com/individual/4618,male,44,58.23833,-134.684258,2020-10-28 16:25:32,57.984049,-135.48,2022-05-19 03:20:29
https://happywhale.com/individual/4618,male,20,57.984049,-135.48,2022-05-19 03:20:29,58.1025,-135.514616,2022-08-09 08:30:25
https://happywhale.com/individual/4618,male,32,58.1025,-135.514616,2022-08-09 08:30:25,58.190727,-134.971528,2023-06-18 19:16:52
https://happywhale.com/individual/4618,male,24,58.190727,-134.971528,2023-06-18 19:16:52,58.105,-135.499,2023-09-28 10:34:31
https://happywhale.com/individual/4618,male,39,58.105,-135.499,2023-09-28 10:34:31,58.34,-134.72,2023-10-17 16:10:46
https://happywhale.com/individual/4618,male,42,58.34,-134.72,2023-10-17 16:10:46,58.1251105,-135.270431,2024-04-27 10:26:17
https://happywhale.com/individual/4618,male,17,58.1251105,-135.270431,2024-04-27 10:26:17,58.1724425,-134.9521975,2024-06-09 16:02:53
https://happywhale.com/individual/4618,male,23,58.1724425,-134.9521975,2024-06-09 16:02:53,20.711826,-156.504192,2025-02-03 13:23:03
https://happywhale.com/individual/4618,male,6,20.711826,-156.504192,2025-02-03 13:23:03,58.685859,-134.947329,2025-05-06 15:28:05
https://happywhale.com/individual/5304,male,23,57.884699,-134.949274,2007-06-10 10:24:37,58.399313500000005,-134.919809,2007-06-20 10:48:10
https://happywhale.com/individual/5304,male,25,58.399313500000005,-134.919809,2007-06-20 10:48:10,57.887619,-134.952936,2010-08-17 09:07:57
https://happywhale.com/individual/5304,male,33,57.887619,-134.952936,2010-08-17 09:07:57,58.399319500000004,-134.846172,2012-07-21 07:17:39
https://happywhale.com/individual/5304,male,29,58.399319500000004,-134.846172,2012-07-21 07:17:39,58.3586065,-134.939459,2013-07-04 12:58:32
https://happywhale.com/individual/5304,male,27,58.3586065,-134.939459,2013-07-04 12:58:32,58.4259,-134.8866855,2013-07-22 11:14:44
https://happywhale.com/individual/5304,male,30,58.4259,-134.8866855,2013-07-22 11:14:44,58.34,-134.80245200000002,2014-07-10 10:37:03
https://happywhale.com/individual/5304,male,28,58.34,-134.80245200000002,2014-07-10 10:37:03,58.400687,-134.867,2014-08-01 11:16:17
https://happywhale.com/individual/5304,male,31,58.400687,-134.867,2014-08-01 11:16:17,58.177,-135.2625,2016-09-19 17:45:54
https://happywhale.com/individual/5304,male,38,58.177,-135.2625,2016-09-19 17:45:54,58.1325,-135.491483,2018-05-21 14:38:10
https://happywhale.com/individual/5304,male,21,58.1325,-135.491483,2018-05-21 14:38:10,58.189529,-134.904877,2018-06-28 18:06:54
https://happywhale.com/individual/5304,male,26,58.189529,-134.904877,2018-06-28 18:06:54,57.886379,-134.959381,2018-09-04 10:51:36
https://happywhale.com/individual/5304,male,36,57.886379,-134.959381,2018-09-04 10:51:36,20.87,-156.7,2019-01-26 09:55:37
https://happywhale.com/individual/5304,male,4,20.87,-156.7,2019-01-26 09:55:37,58.394636,-134.950047,2020-08-04 12:37:45
https://happywhale.com/individual/5304,male,32,58.394636,-134.950047,2020-08-04 12:37:45,58.404021,-134.90279800000002,2021-06-18 12:21:11
https://happywhale.com/individual/5304,male,24,58.404021,-134.90279800000002,2021-06-18 12:21:11,57.852939,-134.953515,2021-08-27 10:33:26
https://happywhale.com/individual/5304,male,34,57.852939,-134.953515,2021-08-27 10:33:26,58.125285000000005,-135.3640075,2021-10-05 12:52:11
https://happywhale.com/individual/5304,male,40,58.125285000000005,-135.3640075,2021-10-05 12:52:11,57.72409,-134.819498,2022-05-19 09:13:05
https://happywhale.com/individual/5304,male,20,57.72409,-134.819498,2022-05-19 09:13:05,58.385018,-134.965418,2022-06-04 12:14:06
https://happywhale.com/individual/5304,male,22,58.385018,-134.965418,2022-06-04 12:14:06,57.461503,-134.865033,2023-05-01 14:50:26
https://happywhale.com/individual/5304,male,18,57.461503,-134.865033,2023-05-01 14:50:26,57.269396,-134.796859,2023-05-08 16:03:40
https://happywhale.com/individual/5304,male,19,57.269396,-134.796859,2023-05-08 16:03:40,58.427298,-134.929051,2023-09-11 15:16:01
https://happywhale.com/individual/5304,male,37,58.427298,-134.929051,2023-09-11 15:16:01,57.446414,-134.851742,2025-08-30 18:10:41
https://happywhale.com/individual/6133,male,31,58.414798000000005,-134.91900950000002,2012-08-02 03:12:20,58.4690265,-134.917356,2013-08-26 10:19:42
https://happywhale.com/individual/6133,male,35,58.4690265,-134.917356,2013-08-26 10:19:42,58.459451,-134.83497,2013-09-24 13:16:11
https://happywhale.com/individual/6133,male,39,58.459451,-134.83497,2013-09-24 13:16:11,58.4382115,-134.8784885,2014-08-21 10:25:51
https://happywhale.com/individual/6133,male,34,58.4382115,-134.8784885,2014-08-21 10:25:51,58.464873,-134.871492,2014-09-12 14:18:02
https://happywhale.com/individual/6133,male,37,58.464873,-134.871492,2014-09-12 14:18:02,58.5353,-134.9362,2014-10-07 11:32:43
https://happywhale.com/individual/6133,male,41,58.5353,-134.9362,2014-10-07 11:32:43,57.9705295,-134.372406,2018-05-03 08:26:50
https://happywhale.com/individual/6133,male,18,57.9705295,-134.372406,2018-05-03 08:26:50,58.295015,-135.48,2018-06-28 18:06:50
https://happywhale.com/individual/6133,male,26,58.295015,-135.48,2018-06-28 18:06:50,58.407642,-134.932088,2019-06-23 17:46:07
https://happywhale.com/individual/6133,male,25,58.407642,-134.932088,2019-06-23 17:46:07,58.3141185,-134.964569,2019-07-11 12:18:42
https://happywhale.com/individual/6133,male,28,58.3141185,-134.964569,2019-07-11 12:18:42,58.35903,-134.940997,2019-07-15 10:20:33
https://happywhale.com/individual/6133,male,29,58.35903,-134.940997,2019-07-15 10:20:33,58.465990000000005,-134.9335785,2019-08-13 14:24:32
https://happywhale.com/individual/6133,male,33,58.465990000000005,-134.9335785,2019-08-13 14:24:32,58.46433,-134.874001,2019-09-08 05:59:10
https://happywhale.com/individual/6133,male,36,58.46433,-134.874001,2019-09-08 05:59:10,58.352298,-134.968931,2020-07-04 09:31:39
https://happywhale.com/individual/6133,male,27,58.352298,-134.968931,2020-07-04 09:31:39,58.4300165,-134.928675,2020-08-05 18:26:53
https://happywhale.com/individual/6133,male,32,58.4300165,-134.928675,2020-08-05 18:26:53,58.301790499999996,-135.20287100000002,2021-07-26 15:19:34
https://happywhale.com/individual/6133,male,30,58.301790499999996,-135.20287100000002,2021-07-26 15:19:34,58.467031,-134.87075,2021-09-24 13:01:23
https://happywhale.com/individual/6133,male,38,58.467031,-134.87075,2021-09-24 13:01:23,57.132175,-135.552935,2022-03-20 09:34:05
https://happywhale.com/individual/6133,male,11,57.132175,-135.552935,2022-03-20 09:34:05,57.153105,-135.560605,2022-03-24 14:50:34
https://happywhale.com/individual/6133,male,12,57.153105,-135.560605,2022-03-24 14:50:34,58.3637825,-134.77791200000001,2022-05-19 18:15:54
https://happywhale.com/individual/6133,male,20,58.3637825,-134.77791200000001,2022-05-19 18:15:54,20.750094,-156.541443,2023-01-14 14:33:36
https://happywhale.com/individual/6133,male,2,20.750094,-156.541443,2023-01-14 14:33:36,58.349625,-134.81905,2023-05-11 15:34:13
https://happywhale.com/individual/6133,male,19,58.349625,-134.81905,2023-05-11 15:34:13,20.69689,-156.500244,2024-01-07 11:48:11
https://happywhale.com/individual/6133,male,1,20.69689,-156.500244,2024-01-07 11:48:11,58.4734725,-134.915431,2024-05-21 17:58:59
https://happywhale.com/individual/6133,male,21,58.4734725,-134.915431,2024-05-21 17:58:59,58.377565000000004,-134.76416849999998,2024-05-27 18:33:08
https://happywhale.com/individual/6559,female,25,58.467076,-134.93,2012-06-23 05:41:32,58.467172000000005,-134.9312345,2012-07-16 16:35:20
https://happywhale.com/individual/6559,female,29,58.467172000000005,-134.9312345,2012-07-16 16:35:20,58.479655,-134.929623,2013-06-28 15:38:50
https://happywhale.com/individual/6559,female,26,58.479655,-134.929623,2013-06-28 15:38:50,58.457708,-134.93033,2013-08-07 11:49:38
https://happywhale.com/individual/6559,female,32,58.457708,-134.93033,2013-08-07 11:49:38,58.471268,-134.930922,2013-08-12 11:03:32
https://happywhale.com/individual/6559,female,33,58.471268,-134.930922,2013-08-12 11:03:32,58.388056000000006,-134.82317949999998,2014-06-06 10:54:45
https://happywhale.com/individual/6559,female,23,58.388056000000006,-134.82317949999998,2014-06-06 10:54:45,58.470133,-134.931748,2014-07-23 22:56:52
https://happywhale.com/individual/6559,female,30,58.470133,-134.931748,2014-07-23 22:56:52,58.471,-134.930552,2014-08-01 10:33:47
https://happywhale.com/individual/6559,female,31,58.471,-134.930552,2014-08-01 10:33:47,58.451747,-134.89772649999998,2014-08-19 20:10:42
https://happywhale.com/individual/6559,female,34,58.451747,-134.89772649999998,2014-08-19 20:10:42,58.459561,-134.927505,2014-08-30 15:18:09
https://happywhale.com/individual/6559,female,35,58.459561,-134.927505,2014-08-30 15:18:09,58.399122500000004,-134.8695395,2015-05-29 16:15:31
https://happywhale.com/individual/6559,female,22,58.399122500000004,-134.8695395,2015-05-29 16:15:31,58.461053,-134.92206149999998,2017-06-13 09:32:49
https://happywhale.com/individual/6559,female,24,58.461053,-134.92206149999998,2017-06-13 09:32:49,58.44682,-134.853283,2017-09-04 07:33:41
https://happywhale.com/individual/6559,female,36,58.44682,-134.853283,2017-09-04 07:33:41,58.415739,-134.9012185,2017-09-19 20:06:56
https://happywhale.com/individual/6559,female,38,58.415739,-134.9012185,2017-09-19 20:06:56,58.460275499999995,-134.85242,2018-09-10 18:51:52
https://happywhale.com/individual/6559,female,37,58.460275499999995,-134.85242,2018-09-10 18:51:52,58.4696355,-134.930869,2019-07-13 10:41:14
https://happywhale.com/individual/6559,female,28,58.4696355,-134.930869,2019-07-13 10:41:14,58.4,-134.9,2019-12-13 01:24:30
https://happywhale.com/individual/6559,female,50,58.4,-134.9,2019-12-13 01:24:30,58.453521,-134.848132,2020-09-25 17:52:26
https://happywhale.com/individual/6559,female,39,58.453521,-134.848132,2020-09-25 17:52:26,58.41088,-134.906978,2020-10-24 15:09:51
https://happywhale.com/individual/6559,female,43,58.41088,-134.906978,2020-10-24 15:09:51,58.282348,-134.703522,2020-11-07 13:28:50
https://happywhale.com/individual/6559,female,45,58.282348,-134.703522,2020-11-07 13:28:50,58.492557,-134.940497,2021-05-09 14:41:18
https://happywhale.com/individual/6559,female,18,58.492557,-134.940497,2021-05-09 14:41:18,58.390084,-134.8828765,2021-05-27 10:43:14
https://happywhale.com/individual/6559,female,21,58.390084,-134.8828765,2021-05-27 10:43:14,58.475848,-134.934712,2021-07-05 12:30:21
https://happywhale.com/individual/6559,female,27,58.475848,-134.934712,2021-07-05 12:30:21,58.347683,-134.779362,2021-10-05 13:18:05
https://happywhale.com/individual/6559,female,40,58.347683,-134.779362,2021-10-05 13:18:05,58.29415,-134.700361,2021-10-17 12:12:06
https://happywhale.com/individual/6559,female,41,58.29415,-134.700361,2021-10-17 12:12:06,58.442523,-134.812945,2021-11-02 13:23:26
https://happywhale.com/individual/6559,female,44,58.442523,-134.812945,2021-11-02 13:23:26,58.3981025,-134.82919750000002,2022-05-22 10:50:05
https://happywhale.com/individual/6559,female,20,58.3981025,-134.82919750000002,2022-05-22 10:50:05,58.39388,-134.78651,2023-04-07 19:07:06
https://happywhale.com/individual/6559,female,14,58.39388,-134.78651,2023-04-07 19:07:06,21.44,-158.2,2024-03-19 12:22:36
https://happywhale.com/individual/6559,female,12,21.44,-158.2,2024-03-19 12:22:36,58.4167235,-134.880619,2024-05-11 12:34:22
https://happywhale.com/individual/6559,female,19,58.4167235,-134.880619,2024-05-11 12:34:22,58.37,-134.67,2025-04-14 21:56:14
https://happywhale.com/individual/700,female,34,36.8,-122.0,2009-08-17 12:26:30,36.797057499999994,-121.9048145,2010-07-17 16:52:09
https://happywhale.com/individual/700,female,28,36.797057499999994,-121.9048145,2010-07-17 16:52:09,23.265,-109.4215,2012-02-13 09:52:37
https://happywhale.com/individual/700,female,7,23.265,-109.4215,2012-02-13 09:52:37,36.80143,-122.0,2017-08-13 09:21:40
https://happywhale.com/individual/700,female,32,36.80143,-122.0,2017-08-13 09:21:40,36.8264825,-121.95121649999999,2017-11-08 11:14:39
https://happywhale.com/individual/700,female,45,36.8264825,-121.95121649999999,2017-11-08 11:14:39,36.79917,-121.874825,2017-11-13 10:27:27
https://happywhale.com/individual/700,female,46,36.79917,-121.874825,2017-11-13 10:27:27,36.776807,-121.944389,2017-12-09 12:32:13
https://happywhale.com/individual/700,female,49,36.776807,-121.944389,2017-12-09 12:32:13,36.779992,-121.887273,2017-12-11 11:17:29
https://happywhale.com/individual/700,female,50,36.779992,-121.887273,2017-12-11 11:17:29,36.78197,-121.941857,2017-12-18 11:39:05
https://happywhale.com/individual/700,female,51,36.78197,-121.941857,2017-12-18 11:39:05,29.749941,-115.96380450000001,2018-02-21 09:05:20
https://happywhale.com/individual/700,female,8,29.749941,-115.96380450000001,2018-02-21 09:05:20,36.739622,-121.958795,2018-03-17 12:19:53
https://happywhale.com/individual/700,female,11,36.739622,-121.958795,2018-03-17 12:19:53,36.8,-122.0,2018-04-09 11:23:51
https://happywhale.com/individual/700,female,15,36.8,-122.0,2018-04-09 11:23:51,36.708884999999995,-121.9507475,2018-04-18 08:51:51
https://happywhale.com/individual/700,female,16,36.708884999999995,-121.9507475,2018-04-18 08:51:51,36.6644085,-121.878259,2018-04-23 08:52:24
https://happywhale.com/individual/700,female,17,36.6644085,-121.878259,2018-04-23 08:52:24,36.782067,-121.935093,2018-05-04 12:21:50
https://happywhale.com/individual/700,female,18,36.782067,-121.935093,2018-05-04 12:21:50,36.786,-121.9355655,2018-10-20 15:15:12
https://happywhale.com/individual/700,female,42,36.786,-121.9355655,2018-10-20 15:15:12,36.72881,-121.978734,2019-05-18 10:43:12
https://happywhale.com/individual/700,female,20,36.72881,-121.978734,2019-05-18 10:43:12,36.7426165,-121.935207,2019-06-03 12:55:33
https://happywhale.com/individual/700,female,23,36.7426165,-121.935207,2019-06-03 12:55:33,36.778575,-121.898818,2019-06-30 10:56:02
https://happywhale.com/individual/700,female,26,36.778575,-121.898818,2019-06-30 10:56:02,36.785351500000004,-121.91444849999999,2019-09-30 11:36:05
https://happywhale.com/individual/700,female,40,36.785351500000004,-121.91444849999999,2019-09-30 11:36:05,36.780176999999995,-121.881808,2019-10-09 10:56:20
https://happywhale.com/individual/700,female,41,36.780176999999995,-121.881808,2019-10-09 10:56:20,36.680067,-121.9666425,2019-10-21 09:39:04
https://happywhale.com/individual/700,female,43,36.680067,-121.9666425,2019-10-21 09:39:04,36.79204,-121.868591,2019-11-01 13:18:18
https://happywhale.com/individual/700,female,44,36.79204,-121.868591,2019-11-01 13:18:18,36.689882,-122.025248,2020-02-28 10:49:51
https://happywhale.com/individual/700,female,9,36.689882,-122.025248,2020-02-28 10:49:51,36.745534,-121.953125,2020-03-05 11:36:21
https://happywhale.com/individual/700,female,10,36.745534,-121.953125,2020-03-05 11:36:21,36.730575,-121.9718785,2020-06-15 12:20:52
https://happywhale.com/individual/700,female,25,36.730575,-121.9718785,2020-06-15 12:20:52,36.808251,-121.937469,2020-09-01 09:50:07
https://happywhale.com/individual/700,female,36,36.808251,-121.937469,2020-09-01 09:50:07,36.798655,-121.87788,2020-09-08 13:29:24
https://happywhale.com/individual/700,female,37,36.798655,-121.87788,2020-09-08 13:29:24,36.8,-121.890433,2020-09-17 08:50:46
https://happywhale.com/individual/700,female,38,36.8,-121.890433,2020-09-17 08:50:46,36.783237,-121.90426,2020-09-21 16:27:03
https://happywhale.com/individual/700,female,39,36.783237,-121.90426,2020-09-21 16:27:03,36.768080999999995,-121.918975,2020-11-16 12:42:11
https://happywhale.com/individual/700,female,47,36.768080999999995,-121.918975,2020-11-16 12:42:11,36.7172065,-121.879561,2021-05-10 10:09:19
https://happywhale.com/individual/700,female,19,36.7172065,-121.879561,2021-05-10 10:09:19,36.73112,-121.867202,2021-06-01 11:51:02
https://happywhale.com/individual/700,female,22,36.73112,-121.867202,2021-06-01 11:51:02,36.867811,-122.071624,2021-06-20 13:28:32
https://happywhale.com/individual/700,female,24,36.867811,-122.071624,2021-06-20 13:28:32,36.8427925,-121.9750375,2021-07-05 12:06:21
https://happywhale.com/individual/700,female,27,36.8427925,-121.9750375,2021-07-05 12:06:21,36.768654,-121.9703035,2021-07-19 11:14:09
https://happywhale.com/individual/700,female,29,36.768654,-121.9703035,2021-07-19 11:14:09,36.794882,-121.936972,2021-07-29 10:16:04
https://happywhale.com/individual/700,female,30,36.794882,-121.936972,2021-07-29 10:16:04,36.794,-121.962,2021-08-31 11:06:23
https://happywhale.com/individual/700,female,35,36.794,-121.962,2021-08-31 11:06:23,36.729229,-122.0,2022-03-21 09:59:09
https://happywhale.com/individual/700,female,12,36.729229,-122.0,2022-03-21 09:59:09,36.8,-122.0,2022-04-08 10:54:06
https://happywhale.com/individual/700,female,14,36.8,-122.0,2022-04-08 10:54:06,36.833236,-121.8954675,2023-05-24 10:16:36
https://happywhale.com/individual/700,female,21,36.833236,-121.8954675,2023-05-24 10:16:36,36.731806,-121.879721,2024-03-26 11:37:23
https://happywhale.com/individual/700,female,13,36.731806,-121.879721,2024-03-26 11:37:23,36.732966,-121.896057,2024-11-28 12:23:39
https://happywhale.com/individual/700,female,48,36.732966,-121.896057,2024-11-28 12:23:39,36.665058,-121.966421,2025-07-28 11:30:50
https://happywhale.com/individual/700,female,31,36.665058,-121.966421,2025-07-28 11:30:50,36.873,-121.999,2025-08-16 12:38:26
https://happywhale.com/individual/7083,female,32,36.787493,-121.831515,2017-08-12 08:33:17,36.790158,-121.848362,2017-08-15 09:18:32
https://happywhale.com/individual/7083,female,33,36.790158,-121.848362,2017-08-15 09:18:32,36.796591,-121.89041950000001,2017-08-21 13:58:50
https://happywhale.com/individual/7083,female,34,36.796591,-121.89041950000001,2017-08-21 13:58:50,36.799982,-121.874084,2017-08-30 10:31:35
https://happywhale.com/individual/7083,female,35,36.799982,-121.874084,2017-08-30 10:31:35,36.798054500000006,-121.823091,2017-09-04 13:53:26
https://happywhale.com/individual/7083,female,36,36.798054500000006,-121.823091,2017-09-04 13:53:26,36.793555,-121.88232099999999,2017-09-22 11:04:09
https://happywhale.com/individual/7083,female,38,36.793555,-121.88232099999999,2017-09-22 11:04:09,36.83187,-121.880524,2017-10-03 13:08:09
https://happywhale.com/individual/7083,female,40,36.83187,-121.880524,2017-10-03 13:08:09,36.791962,-121.901505,2017-10-09 11:01:46
https://happywhale.com/individual/7083,female,41,36.791962,-121.901505,2017-10-09 11:01:46,36.790859,-121.8858985,2018-06-03 11:03:05
https://happywhale.com/individual/7083,female,22,36.790859,-121.8858985,2018-06-03 11:03:05,36.802022,-121.805197,2018-06-07 12:24:20
https://happywhale.com/individual/7083,female,23,36.802022,-121.805197,2018-06-07 12:24:20,36.781937,-121.827188,2018-06-11 10:31:09
https://happywhale.com/individual/7083,female,24,36.781937,-121.827188,2018-06-11 10:31:09,36.711517,-121.82657,2018-06-20 11:10:23
https://happywhale.com/individual/7083,female,25,36.711517,-121.82657,2018-06-20 11:10:23,36.804997,-121.85,2018-06-29 09:56:37
https://happywhale.com/individual/7083,female,26,36.804997,-121.85,2018-06-29 09:56:37,36.801709,-121.871338,2018-07-02 14:27:36
https://happywhale.com/individual/7083,female,27,36.801709,-121.871338,2018-07-02 14:27:36,36.7664495,-121.8653775,2018-07-14 14:32:34
https://happywhale.com/individual/7083,female,28,36.7664495,-121.8653775,2018-07-14 14:32:34,36.720664,-121.9,2018-07-18 10:12:31
https://happywhale.com/individual/7083,female,29,36.720664,-121.9,2018-07-18 10:12:31,36.7843275,-121.8626575,2018-07-23 09:44:18
https://happywhale.com/individual/7083,female,30,36.7843275,-121.8626575,2018-07-23 09:44:18,36.786553,-121.846619,2018-08-02 11:29:25
https://happywhale.com/individual/7083,female,31,36.786553,-121.846619,2018-08-02 11:29:25,36.7949325,-121.8185715,2018-09-10 13:25:52
https://happywhale.com/individual/7083,female,37,36.7949325,-121.8185715,2018-09-10 13:25:52,36.730751,-121.80752100000001,2018-11-01 10:20:25
https://happywhale.com/individual/7083,female,44,36.730751,-121.80752100000001,2018-11-01 10:20:25,36.774266499999996,-121.84438449999999,2019-04-13 10:03:14
https://happywhale.com/individual/7083,female,15,36.774266499999996,-121.84438449999999,2019-04-13 10:03:14,36.7530175,-121.9005325,2019-04-15 15:17:51
https://happywhale.com/individual/7083,female,16,36.7530175,-121.9005325,2019-04-15 15:17:51,36.7435305,-121.86283449999999,2019-04-27 10:01:38
https://happywhale.com/individual/7083,female,17,36.7435305,-121.86283449999999,2019-04-27 10:01:38,36.790499,-121.8707225,2019-11-07 11:38:48
https://happywhale.com/individual/7083,female,45,36.790499,-121.8707225,2019-11-07 11:38:48,36.8024,-121.841988,2019-11-11 10:40:59
https://happywhale.com/individual/7083,female,46,36.8024,-121.841988,2019-11-11 10:40:59,36.795626,-121.925755,2019-11-28 14:57:33
https://happywhale.com/individual/7083,female,48,36.795626,-121.925755,2019-11-28 14:57:33,36.721719,-121.8509105,2020-05-02 13:14:35
https://happywhale.com/individual/7083,female,18,36.721719,-121.8509105,2020-05-02 13:14:35,36.733497,-121.8704105,2020-05-13 09:57:44
https://happywhale.com/individual/7083,female,20,36.733497,-121.8704105,2020-05-13 09:57:44,36.606667,-121.875,2020-10-17 05:08:54
https://happywhale.com/individual/7083,female,42,36.606667,-121.875,2020-10-17 05:08:54,36.726869,-121.860046,2021-05-12 13:20:05
https://happywhale.com/individual/7083,female,19,36.726869,-121.860046,2021-05-12 13:20:05,36.737010999999995,-121.86281199999999,2021-05-28 10:17:40
https://happywhale.com/individual/7083,female,21,36.737010999999995,-121.86281199999999,2021-05-28 10:17:40,36.70111,-121.87322,2021-10-27 10:07:15
https://happywhale.com/individual/7083,female,43,36.70111,-121.87322,2021-10-27 10:07:15,36.774057,-121.887499,2023-04-08 13:11:15
https://happywhale.com/individual/934,male,14,36.8,-122.0,2009-04-05 12:38:57,17.4507065,-100.7167915,2012-02-03 11:49:56
https://happywhale.com/individual/934,male,5,17.4507065,-100.7167915,2012-02-03 11:49:56,36.7741185,-121.86390800000001,2014-09-05 11:25:47
https://happywhale.com/individual/934,male,36,36.7741185,-121.86390800000001,2014-09-05 11:25:47,36.758991,-121.844102,2015-06-10 09:18:42
https://happywhale.com/individual/934,male,24,36.758991,-121.844102,2015-06-10 09:18:42,36.762568,-121.933058,2015-06-21 10:46:13
https://happywhale.com/individual/934,male,25,36.762568,-121.933058,2015-06-21 10:46:13,36.803572,-121.839342,2015-06-23 12:03:52
https://happywhale.com/individual/934,male,26,36.803572,-121.839342,2015-06-23 12:03:52,36.693681,-121.857605,2017-07-10 17:33:04
https://happywhale.com/individual/934,male,28,36.693681,-121.857605,2017-07-10 17:33:04,36.0143,-121.3531,2017-08-04 06:16:25
https://happywhale.com/individual/934,male,31,36.0143,-121.3531,2017-08-04 06:16:25,36.6751665,-121.8541735,2018-05-18 11:08:50
https://happywhale.com/individual/934,male,20,36.6751665,-121.8541735,2018-05-18 11:08:50,36.713476,-121.852938,2018-05-25 13:36:30
https://happywhale.com/individual/934,male,21,36.713476,-121.852938,2018-05-25 13:36:30,36.792708,-121.844286,2018-05-28 11:32:20
https://happywhale.com/individual/934,male,22,36.792708,-121.844286,2018-05-28 11:32:20,36.7585075,-121.857146,2018-06-08 12:31:19
https://happywhale.com/individual/934,male,23,36.7585075,-121.857146,2018-06-08 12:31:19,36.7665715,-121.91900050000001,2018-07-18 14:19:02
https://happywhale.com/individual/934,male,29,36.7665715,-121.91900050000001,2018-07-18 14:19:02,36.68024,-121.909895,2018-07-27 09:43:17
https://happywhale.com/individual/934,male,30,36.68024,-121.909895,2018-07-27 09:43:17,36.8046785,-121.86025000000001,2018-08-09 10:37:44
https://happywhale.com/individual/934,male,32,36.8046785,-121.86025000000001,2018-08-09 10:37:44,36.796204,-121.82031950000001,2018-08-16 12:01:51
https://happywhale.com/individual/934,male,33,36.796204,-121.82031950000001,2018-08-16 12:01:51,36.82204,-121.910845,2018-08-31 09:23:56
https://happywhale.com/individual/934,male,35,36.82204,-121.910845,2018-08-31 09:23:56,36.7815825,-121.93216050000001,2018-10-02 11:19:51
https://happywhale.com/individual/934,male,40,36.7815825,-121.93216050000001,2018-10-02 11:19:51,36.805162,-121.929317,2018-11-02 12:25:40
https://happywhale.com/individual/934,male,44,36.805162,-121.929317,2018-11-02 12:25:40,36.7910165,-121.94535049999999,2019-04-17 14:44:53
https://happywhale.com/individual/934,male,16,36.7910165,-121.94535049999999,2019-04-17 14:44:53,36.8024235,-121.8846585,2019-04-22 10:23:16
https://happywhale.com/individual/934,male,17,36.8024235,-121.8846585,2019-04-22 10:23:16,36.746722500000004,-121.85074599999999,2019-04-29 10:12:48
https://happywhale.com/individual/934,male,18,36.746722500000004,-121.85074599999999,2019-04-29 10:12:48,36.800244,-121.95173650000001,2019-10-07 11:40:43
https://happywhale.com/individual/934,male,41,36.800244,-121.95173650000001,2019-10-07 11:40:43,36.8,-121.936687,2019-10-21 12:30:01
https://happywhale.com/individual/934,male,43,36.8,-121.936687,2019-10-21 12:30:01,36.800447,-121.912682,2020-09-23 14:23:32
https://happywhale.com/individual/934,male,39,36.800447,-121.912682,2020-09-23 14:23:32,36.777102,-121.884445,2020-10-12 10:53:23
https://happywhale.com/individual/934,male,42,36.777102,-121.884445,2020-10-12 10:53:23,36.789337,-121.888858,2020-11-10 10:55:36
https://happywhale.com/individual/934,male,46,36.789337,-121.888858,2020-11-10 10:55:36,15.654299,-96.542444,2021-03-20 09:18:52
https://happywhale.com/individual/934,male,11,15.654299,-96.542444,2021-03-20 09:18:52,36.783338,-121.8601855,2021-05-15 10:10:13
https://happywhale.com/individual/934,male,19,36.783338,-121.8601855,2021-05-15 10:10:13,36.8,-122.0,2021-07-10 01:40:12
https://happywhale.com/individual/934,male,27,36.8,-122.0,2021-07-10 01:40:12,36.784011,-121.920731,2021-08-24 14:43:26
https://happywhale.com/individual/934,male,34,36.784011,-121.920731,2021-08-24 14:43:26,36.800258,-121.95578,2021-11-22 10:49:37
https://happywhale.com/individual/934,male,47,36.800258,-121.95578,2021-11-22 10:49:37,22.75,-109.9,2022-04-12 12:28:30
https://happywhale.com/individual/934,male,15,22.75,-109.9,2022-04-12 12:28:30,36.7511605,-121.881937,2022-09-24 11:04:15
https://happywhale.com/individual/934,male,38,36.7511605,-121.881937,2022-09-24 11:04:15,36.786066500000004,-121.8729465,2023-09-17 12:41:29
https://happywhale.com/individual/934,male,37,36.786066500000004,-121.8729465,2023-09-17 12:41:29,17.58316,-101.52454,2024-02-12 09:46:22
https://happywhale.com/individual/934,male,7,17.58316,-101.52454,2024-02-12 09:46:22,36.8,-122.0,2024-11-04 12:24:49
